{
    "hansel.mp4":
    {
        "VAC": 0.6508217828795162,
        "IQS": 0.5783381965516019,
        "AQS": 0.9199441924292485,
        "Metric": 0.7098134298460615
    }
}